system,condition,id,block,gold,pred,correct,confidence,latency_ms,wrong_subquestions
basal-4.5B,compound,ADM01,exp04_rules,0,0,1,0.7147,135.5,
basal-4.5B,compound,ADM02,exp04_rules,0,0,1,0.8692,134.9,
basal-4.5B,compound,ADM03,exp04_rules,1,0,0,0.5933,135.6,
basal-4.5B,compound,ADM04,exp04_rules,0,0,1,0.7927,142.6,
basal-4.5B,compound,ADM12,exp04_rules,2,2,1,0.5249,145.6,
basal-4.5B,compound,LAW01,exp04_rules,0,0,1,0.6094,125.7,
basal-4.5B,compound,LAW02,exp04_rules,1,1,1,0.6434,140.8,
basal-4.5B,compound,LAW03,exp04_rules,1,1,1,0.6250,144.7,
basal-4.5B,compound,LAW04,exp04_rules,1,0,0,0.7502,142.2,
basal-4.5B,compound,LAW14,exp04_rules,2,1,0,0.7929,137.9,
basal-4.5B,compound,HR01,exp04_rules,0,0,1,0.6341,139.2,
basal-4.5B,compound,HR02,exp04_rules,1,1,1,0.8233,132.0,
basal-4.5B,compound,HR03,exp04_rules,0,0,1,0.7256,136.4,
basal-4.5B,compound,HR04,exp04_rules,0,1,0,0.9465,134.2,
basal-4.5B,compound,HR14,exp04_rules,1,0,0,0.8782,143.8,
basal-4.5B,compound,MED01,exp04_rules,0,0,1,0.8146,169.5,
basal-4.5B,compound,MED02,exp04_rules,1,1,1,0.5422,146.3,
basal-4.5B,compound,MED03,exp04_rules,1,1,1,0.6626,124.1,
basal-4.5B,compound,MED04,exp04_rules,0,0,1,0.8593,137.3,
basal-4.5B,compound,MED13,exp04_rules,1,2,0,0.6554,126.9,
basal-4.5B,compound,INS01,exp04_rules,1,1,1,0.5984,153.0,
basal-4.5B,compound,INS02,exp04_rules,0,1,0,0.6626,143.3,
basal-4.5B,compound,INS03,exp04_rules,0,0,1,0.8650,181.6,
basal-4.5B,compound,INS04,exp04_rules,1,0,0,0.6837,168.9,
basal-4.5B,compound,INS06,exp04_rules,1,1,1,0.7503,166.4,
basal-4.5B,compound,BNK01,exp04_rules,1,1,1,0.9580,193.5,
basal-4.5B,compound,BNK02,exp04_rules,0,1,0,0.8554,208.6,
basal-4.5B,compound,BNK03,exp04_rules,0,0,1,0.6524,149.7,
basal-4.5B,compound,BNK04,exp04_rules,1,0,0,0.5629,152.1,
basal-4.5B,compound,BNK05,exp04_rules,1,0,0,0.7477,145.5,
basal-4.5B,compound,LOG01,exp04_rules,1,0,0,0.5317,148.7,
basal-4.5B,compound,LOG02,exp04_rules,0,0,1,0.6142,170.0,
basal-4.5B,compound,LOG03,exp04_rules,1,1,1,0.8197,153.5,
basal-4.5B,compound,LOG04,exp04_rules,0,0,1,0.8920,145.1,
basal-4.5B,compound,LOG05,exp04_rules,1,0,0,0.7335,147.3,
basal-4.5B,compound,ITS01,exp04_rules,0,0,1,0.8548,142.4,
basal-4.5B,compound,ITS02,exp04_rules,1,0,0,0.8146,144.6,
basal-4.5B,compound,ITS03,exp04_rules,1,0,0,0.8204,150.7,
basal-4.5B,compound,ITS04,exp04_rules,0,1,0,0.8963,135.7,
basal-4.5B,compound,ITS05,exp04_rules,1,1,1,0.8883,130.3,
basal-4.5B,compound,MFG01,exp04_rules,1,0,0,0.6792,139.6,
basal-4.5B,compound,MFG02,exp04_rules,0,0,1,0.6313,190.1,
basal-4.5B,compound,MFG03,exp04_rules,0,0,1,0.5523,141.9,
basal-4.5B,compound,MFG04,exp04_rules,0,0,1,0.6534,141.3,
basal-4.5B,compound,MFG05,exp04_rules,0,1,0,0.8133,124.9,
basal-4.5B,compound,EDU01,exp04_rules,1,0,0,0.6817,138.5,
basal-4.5B,compound,EDU02,exp04_rules,0,0,1,0.9935,141.2,
basal-4.5B,compound,EDU03,exp04_rules,1,0,0,0.5807,123.5,
basal-4.5B,compound,EDU04,exp04_rules,0,0,1,0.9321,137.0,
basal-4.5B,compound,EDU05,exp04_rules,1,1,1,0.7732,135.6,
basal-4.5B,compound,RE01,exp04_rules,1,1,1,0.5984,138.2,
basal-4.5B,compound,RE02,exp04_rules,0,1,0,0.5470,159.5,
basal-4.5B,compound,RE03,exp04_rules,1,1,1,0.8465,133.2,
basal-4.5B,compound,RE04,exp04_rules,0,0,1,0.9671,133.8,
basal-4.5B,compound,RE05,exp04_rules,0,0,1,0.6331,133.0,
basal-4.5B,compound,ECM01,exp04_rules,0,0,1,0.5843,190.1,
basal-4.5B,compound,ECM02,exp04_rules,1,1,1,0.7948,181.6,
basal-4.5B,compound,ECM03,exp04_rules,1,1,1,0.8634,184.6,
basal-4.5B,compound,ECM04,exp04_rules,1,0,0,0.8025,177.7,
basal-4.5B,compound,ECM05,exp04_rules,0,0,1,0.7444,185.5,
basal-4.5B,compound,K01,exp03_completeness,0,0,1,0.7243,125.6,
basal-4.5B,compound,K02,exp03_completeness,1,0,0,0.8393,130.9,
basal-4.5B,compound,K03,exp03_completeness,1,0,0,0.7567,119.7,
basal-4.5B,compound,K04,exp03_completeness,0,0,1,0.8986,137.6,
basal-4.5B,compound,K05,exp03_completeness,1,1,1,0.9473,120.6,
basal-4.5B,compound,K06,exp03_completeness,0,0,1,0.7497,122.0,
basal-4.5B,compound,K07,exp03_completeness,1,0,0,0.6313,121.5,
basal-4.5B,compound,K08,exp03_completeness,0,0,1,0.7800,123.4,
basal-4.5B,compound,K09,exp03_completeness,1,1,1,0.9457,121.2,
basal-4.5B,compound,K10,exp03_completeness,0,0,1,0.9039,134.5,
basal-4.5B,compound,K11,exp03_completeness,1,1,1,0.9072,120.4,
basal-4.5B,compound,K12,exp03_completeness,0,0,1,0.9584,120.5,
basal-4.5B,compound,K13,exp03_completeness,1,1,1,0.8599,116.5,
basal-4.5B,compound,K14,exp03_completeness,1,1,1,0.7845,122.5,
basal-4.5B,compound,K15,exp03_completeness,0,0,1,0.9256,126.5,
basal-4.5B,compound,K16,exp03_completeness,1,1,1,0.8864,119.6,
basal-4.5B,compound,K17,exp03_completeness,0,0,1,0.9500,119.4,
basal-4.5B,compound,K18,exp03_completeness,1,0,0,0.5735,110.5,
basal-4.5B,compound,K19,exp03_completeness,1,1,1,0.9830,115.7,
basal-4.5B,compound,K20,exp03_completeness,0,0,1,0.8352,118.9,
basal-4.5B,compound,K21,exp03_completeness,0,0,1,0.9214,140.3,
basal-4.5B,compound,K22,exp03_completeness,0,1,0,0.6434,142.3,
basal-4.5B,compound,K23,exp03_completeness,1,1,1,0.5397,132.5,
basal-4.5B,compound,K24,exp03_completeness,1,1,1,0.7948,129.8,
basal-4.5B,compound,K25,exp03_completeness,0,0,1,0.9312,144.2,
basal-4.5B,compound,K26,exp03_completeness,1,1,1,0.8795,132.3,
basal-4.5B,compound,K27,exp03_completeness,0,0,1,0.8120,133.0,
basal-4.5B,compound,K28,exp03_completeness,1,1,1,0.8720,134.8,
basal-4.5B,compound,K29,exp03_completeness,0,0,1,0.9767,132.2,
basal-4.5B,compound,K30,exp03_completeness,1,1,1,0.9465,130.0,
basal-4.5B,compound,K31,exp03_completeness,1,1,1,0.9733,130.3,
basal-4.5B,compound,K32,exp03_completeness,0,0,1,0.6434,142.4,
basal-4.5B,compound,K33,exp03_completeness,0,0,1,0.6609,128.8,
basal-4.5B,compound,K34,exp03_completeness,1,1,1,0.9375,123.2,
basal-4.5B,compound,K35,exp03_completeness,0,0,1,0.5000,130.7,
basal-4.5B,compound,K36,exp03_completeness,1,1,1,0.8092,135.5,
basal-4.5B,compound,K37,exp03_completeness,0,1,0,0.7477,132.0,
basal-4.5B,compound,K38,exp03_completeness,1,1,1,0.9645,121.4,
basal-4.5B,compound,K40,exp03_completeness,1,1,1,0.9775,118.1,
basal-4.5B,A,ADM01,exp04_rules,0,0,1,0.7843,367.6,q1 q2
basal-4.5B,A,ADM02,exp04_rules,0,0,1,0.9457,569.1,
basal-4.5B,A,ADM03,exp04_rules,1,0,0,0.6339,366.8,q1
basal-4.5B,A,ADM04,exp04_rules,0,1,0,0.8864,468.9,q2
basal-4.5B,A,ADM12,exp04_rules,2,2,1,0.7543,343.5,
basal-4.5B,A,LAW01,exp04_rules,0,0,1,0.7070,347.4,q1 q2
basal-4.5B,A,LAW02,exp04_rules,1,1,1,0.5553,244.5,
basal-4.5B,A,LAW03,exp04_rules,1,1,1,0.8426,483.3,
basal-4.5B,A,LAW04,exp04_rules,1,1,1,0.8551,376.6,
basal-4.5B,A,LAW14,exp04_rules,2,2,1,0.7054,422.8,
basal-4.5B,A,HR01,exp04_rules,0,1,0,0.8107,471.0,q4
basal-4.5B,A,HR02,exp04_rules,1,1,1,0.5813,247.6,
basal-4.5B,A,HR03,exp04_rules,0,1,0,0.8839,350.0,q2 q3
basal-4.5B,A,HR04,exp04_rules,0,0,1,0.9932,429.0,
basal-4.5B,A,HR14,exp04_rules,1,0,0,0.5739,458.7,q3
basal-4.5B,A,MED01,exp04_rules,0,0,1,0.6544,900.1,q6
basal-4.5B,A,MED02,exp04_rules,1,0,0,0.5401,732.6,q6
basal-4.5B,A,MED03,exp04_rules,1,0,0,0.6318,440.5,q4
basal-4.5B,A,MED04,exp04_rules,0,0,1,0.5520,471.6,
basal-4.5B,A,MED13,exp04_rules,1,1,1,0.8833,420.4,
basal-4.5B,A,INS01,exp04_rules,1,0,0,0.7335,131.4,q1
basal-4.5B,A,INS02,exp04_rules,0,0,1,0.8872,346.9,
basal-4.5B,A,INS03,exp04_rules,0,0,1,0.4158,859.5,
basal-4.5B,A,INS04,exp04_rules,1,1,1,0.9860,409.6,q1 q2
basal-4.5B,A,INS06,exp04_rules,1,1,1,0.8970,747.4,
basal-4.5B,A,BNK01,exp04_rules,1,1,1,0.6621,646.4,
basal-4.5B,A,BNK02,exp04_rules,0,0,1,0.8255,687.3,
basal-4.5B,A,BNK03,exp04_rules,0,1,0,0.7700,630.0,q1
basal-4.5B,A,BNK04,exp04_rules,1,0,0,0.3115,625.6,q3 q4
basal-4.5B,A,BNK05,exp04_rules,1,0,0,0.3276,581.6,q3
basal-4.5B,A,LOG01,exp04_rules,1,1,1,0.7105,257.1,
basal-4.5B,A,LOG02,exp04_rules,0,0,1,0.3283,520.3,
basal-4.5B,A,LOG03,exp04_rules,1,1,1,0.9957,863.5,q2 q6 q7
basal-4.5B,A,LOG04,exp04_rules,0,0,1,0.4039,485.3,
basal-4.5B,A,LOG05,exp04_rules,1,0,0,0.6213,251.9,q2
basal-4.5B,A,ITS01,exp04_rules,0,0,1,0.4169,354.9,
basal-4.5B,A,ITS02,exp04_rules,1,0,0,0.7656,733.3,q3
basal-4.5B,A,ITS03,exp04_rules,1,0,0,0.5824,370.6,q2
basal-4.5B,A,ITS04,exp04_rules,0,0,1,0.5392,224.0,
basal-4.5B,A,ITS05,exp04_rules,1,1,1,0.8310,428.2,
basal-4.5B,A,MFG01,exp04_rules,1,1,1,0.7909,230.7,q1
basal-4.5B,A,MFG02,exp04_rules,0,1,0,0.6211,473.1,q3
basal-4.5B,A,MFG03,exp04_rules,0,0,1,0.3556,483.7,
basal-4.5B,A,MFG04,exp04_rules,0,0,1,0.6895,133.6,
basal-4.5B,A,MFG05,exp04_rules,0,1,0,0.8920,113.0,q1
basal-4.5B,A,EDU01,exp04_rules,1,0,0,0.7033,376.2,q1
basal-4.5B,A,EDU02,exp04_rules,0,0,1,0.9859,368.5,
basal-4.5B,A,EDU03,exp04_rules,1,0,0,0.6239,120.2,q1
basal-4.5B,A,EDU04,exp04_rules,0,0,1,0.9319,558.6,
basal-4.5B,A,EDU05,exp04_rules,1,1,1,0.9822,230.8,
basal-4.5B,A,RE01,exp04_rules,1,1,1,0.6534,129.5,
basal-4.5B,A,RE02,exp04_rules,0,0,1,0.6225,142.5,
basal-4.5B,A,RE03,exp04_rules,1,0,0,0.6678,124.3,q1
basal-4.5B,A,RE04,exp04_rules,0,0,1,0.9863,117.8,
basal-4.5B,A,RE05,exp04_rules,0,0,1,0.7305,348.3,q1
basal-4.5B,A,ECM01,exp04_rules,0,0,1,0.3512,784.8,
basal-4.5B,A,ECM02,exp04_rules,1,1,1,0.9830,780.8,
basal-4.5B,A,ECM03,exp04_rules,1,1,1,0.9871,758.7,q6
basal-4.5B,A,ECM04,exp04_rules,1,0,0,0.4852,752.8,q6
basal-4.5B,A,ECM05,exp04_rules,0,0,1,0.3278,759.2,
basal-4.5B,A,K01,exp03_completeness,0,0,1,0.9382,494.3,
basal-4.5B,A,K02,exp03_completeness,1,1,1,0.9748,555.8,
basal-4.5B,A,K03,exp03_completeness,1,1,1,0.9716,480.3,
basal-4.5B,A,K04,exp03_completeness,0,0,1,0.9322,561.5,
basal-4.5B,A,K05,exp03_completeness,1,1,1,0.8504,475.3,
basal-4.5B,A,K06,exp03_completeness,0,0,1,0.9546,470.5,
basal-4.5B,A,K07,exp03_completeness,1,1,1,0.9727,490.0,
basal-4.5B,A,K08,exp03_completeness,0,0,1,0.9478,473.1,
basal-4.5B,A,K09,exp03_completeness,1,1,1,0.9719,698.7,
basal-4.5B,A,K10,exp03_completeness,0,0,1,0.9682,557.2,
basal-4.5B,A,K11,exp03_completeness,1,1,1,0.9612,547.8,
basal-4.5B,A,K12,exp03_completeness,0,0,1,0.9900,329.3,
basal-4.5B,A,K13,exp03_completeness,1,1,1,0.9874,271.7,
basal-4.5B,A,K14,exp03_completeness,1,1,1,0.9412,280.9,
basal-4.5B,A,K15,exp03_completeness,0,0,1,0.9680,322.3,
basal-4.5B,A,K16,exp03_completeness,1,1,1,0.9035,323.6,
basal-4.5B,A,K17,exp03_completeness,0,0,1,0.9838,222.5,
basal-4.5B,A,K18,exp03_completeness,1,0,0,0.5161,187.5,q2
basal-4.5B,A,K19,exp03_completeness,1,1,1,0.9841,197.3,
basal-4.5B,A,K20,exp03_completeness,0,0,1,0.9252,217.5,
basal-4.5B,A,K21,exp03_completeness,0,1,0,0.8336,715.8,q4
basal-4.5B,A,K22,exp03_completeness,0,0,1,0.8884,726.8,
basal-4.5B,A,K23,exp03_completeness,1,1,1,0.8491,680.4,
basal-4.5B,A,K24,exp03_completeness,1,1,1,0.8889,646.2,
basal-4.5B,A,K25,exp03_completeness,0,0,1,0.9337,731.2,
basal-4.5B,A,K26,exp03_completeness,1,1,1,0.9692,648.2,
basal-4.5B,A,K27,exp03_completeness,0,0,1,0.7550,548.7,
basal-4.5B,A,K28,exp03_completeness,1,1,1,0.9396,542.5,
basal-4.5B,A,K29,exp03_completeness,0,0,1,0.5503,551.3,
basal-4.5B,A,K30,exp03_completeness,1,1,1,0.9833,492.7,
basal-4.5B,A,K31,exp03_completeness,1,1,1,0.9979,498.9,q2
basal-4.5B,A,K32,exp03_completeness,0,0,1,0.5816,574.6,
basal-4.5B,A,K33,exp03_completeness,0,0,1,0.9588,400.9,
basal-4.5B,A,K34,exp03_completeness,1,1,1,0.9968,368.2,q2
basal-4.5B,A,K35,exp03_completeness,0,0,1,0.8896,466.7,
basal-4.5B,A,K36,exp03_completeness,1,1,1,0.9997,447.7,
basal-4.5B,A,K37,exp03_completeness,0,0,1,0.9107,533.6,
basal-4.5B,A,K38,exp03_completeness,1,0,0,0.6366,467.4,q4
basal-4.5B,A,K40,exp03_completeness,1,1,1,1.0000,665.3,
basal-4.5B,B,ADM01,exp04_rules,0,0,1,1.0000,0.0,
basal-4.5B,B,ADM02,exp04_rules,0,0,1,0.9457,569.1,
basal-4.5B,B,ADM03,exp04_rules,1,1,1,1.0000,0.0,
basal-4.5B,B,ADM04,exp04_rules,0,0,1,0.9616,115.4,
basal-4.5B,B,ADM12,exp04_rules,2,2,1,0.9984,116.5,
basal-4.5B,B,LAW01,exp04_rules,0,0,1,1.0000,0.0,
basal-4.5B,B,LAW02,exp04_rules,1,1,1,1.0000,118.2,
basal-4.5B,B,LAW03,exp04_rules,1,1,1,0.9971,357.2,
basal-4.5B,B,LAW04,exp04_rules,1,1,1,1.0000,125.6,
basal-4.5B,B,LAW14,exp04_rules,2,2,1,0.9521,206.3,
basal-4.5B,B,HR01,exp04_rules,0,0,1,0.7976,231.7,
basal-4.5B,B,HR02,exp04_rules,1,1,1,1.0000,121.0,
basal-4.5B,B,HR03,exp04_rules,0,0,1,1.0000,0.0,
basal-4.5B,B,HR04,exp04_rules,0,0,1,0.9932,429.0,
basal-4.5B,B,HR14,exp04_rules,1,1,1,0.9956,228.2,
basal-4.5B,B,MED01,exp04_rules,0,0,1,0.7194,636.1,
basal-4.5B,B,MED02,exp04_rules,1,1,1,1.0000,608.6,
basal-4.5B,B,MED03,exp04_rules,1,1,1,0.9885,335.3,
basal-4.5B,B,MED04,exp04_rules,0,0,1,0.9459,355.4,
basal-4.5B,B,MED13,exp04_rules,1,1,1,0.8833,420.4,
basal-4.5B,B,INS01,exp04_rules,1,1,1,1.0000,0.0,
basal-4.5B,B,INS02,exp04_rules,0,0,1,0.9965,234.1,
basal-4.5B,B,INS03,exp04_rules,0,0,1,0.9404,422.6,
basal-4.5B,B,INS04,exp04_rules,1,1,1,1.0000,0.0,
basal-4.5B,B,INS06,exp04_rules,1,1,1,0.9825,376.2,
basal-4.5B,B,BNK01,exp04_rules,1,1,1,0.8730,131.2,
basal-4.5B,B,BNK02,exp04_rules,0,0,1,1.0000,139.9,
basal-4.5B,B,BNK03,exp04_rules,0,0,1,0.6263,242.7,
basal-4.5B,B,BNK04,exp04_rules,1,1,1,1.0000,247.2,
basal-4.5B,B,BNK05,exp04_rules,1,1,1,1.0000,350.4,
basal-4.5B,B,LOG01,exp04_rules,1,1,1,1.0000,0.0,
basal-4.5B,B,LOG02,exp04_rules,0,0,1,0.8914,128.6,
basal-4.5B,B,LOG03,exp04_rules,1,1,1,1.0000,736.1,q2 q6
basal-4.5B,B,LOG04,exp04_rules,0,0,1,0.9473,241.7,
basal-4.5B,B,LOG05,exp04_rules,1,1,1,1.0000,119.4,
basal-4.5B,B,ITS01,exp04_rules,0,0,1,0.8165,235.8,
basal-4.5B,B,ITS02,exp04_rules,1,1,1,1.0000,610.7,
basal-4.5B,B,ITS03,exp04_rules,1,1,1,1.0000,241.7,
basal-4.5B,B,ITS04,exp04_rules,0,0,1,0.9947,111.1,
basal-4.5B,B,ITS05,exp04_rules,1,1,1,0.8310,428.2,
basal-4.5B,B,MFG01,exp04_rules,1,1,1,1.0000,0.0,
basal-4.5B,B,MFG02,exp04_rules,0,0,1,1.0000,152.6,
basal-4.5B,B,MFG03,exp04_rules,0,0,1,0.6805,355.5,
basal-4.5B,B,MFG04,exp04_rules,0,0,1,1.0000,0.0,
basal-4.5B,B,MFG05,exp04_rules,0,0,1,1.0000,0.0,
basal-4.5B,B,EDU01,exp04_rules,1,1,1,1.0000,0.0,
basal-4.5B,B,EDU02,exp04_rules,0,0,1,0.9975,122.2,
basal-4.5B,B,EDU03,exp04_rules,1,1,1,1.0000,0.0,
basal-4.5B,B,EDU04,exp04_rules,0,0,1,0.9319,558.6,
basal-4.5B,B,EDU05,exp04_rules,1,1,1,0.9752,113.5,
basal-4.5B,B,RE01,exp04_rules,1,1,1,1.0000,0.0,
basal-4.5B,B,RE02,exp04_rules,0,0,1,1.0000,0.0,
basal-4.5B,B,RE03,exp04_rules,1,0,0,0.6678,124.3,q1
basal-4.5B,B,RE04,exp04_rules,0,0,1,0.9863,117.8,
basal-4.5B,B,RE05,exp04_rules,0,0,1,1.0000,0.0,
basal-4.5B,B,ECM01,exp04_rules,0,0,1,0.8022,392.1,
basal-4.5B,B,ECM02,exp04_rules,1,1,1,0.9711,389.2,
basal-4.5B,B,ECM03,exp04_rules,1,1,1,0.9635,374.7,
basal-4.5B,B,ECM04,exp04_rules,1,1,1,1.0000,376.4,
basal-4.5B,B,ECM05,exp04_rules,0,0,1,0.8783,372.2,
basal-4.5B,B,K01,exp03_completeness,0,0,1,0.9382,494.3,
basal-4.5B,B,K02,exp03_completeness,1,1,1,0.9748,555.8,
basal-4.5B,B,K03,exp03_completeness,1,1,1,0.9716,480.3,
basal-4.5B,B,K04,exp03_completeness,0,0,1,0.9322,561.5,
basal-4.5B,B,K05,exp03_completeness,1,1,1,0.8504,475.3,
basal-4.5B,B,K06,exp03_completeness,0,0,1,0.9546,470.5,
basal-4.5B,B,K07,exp03_completeness,1,1,1,0.9727,490.0,
basal-4.5B,B,K08,exp03_completeness,0,0,1,0.9478,473.1,
basal-4.5B,B,K09,exp03_completeness,1,1,1,0.9719,698.7,
basal-4.5B,B,K10,exp03_completeness,0,0,1,0.9682,557.2,
basal-4.5B,B,K11,exp03_completeness,1,1,1,0.9612,547.8,
basal-4.5B,B,K12,exp03_completeness,0,0,1,0.9900,329.3,
basal-4.5B,B,K13,exp03_completeness,1,1,1,0.9874,271.7,
basal-4.5B,B,K14,exp03_completeness,1,1,1,0.9412,280.9,
basal-4.5B,B,K15,exp03_completeness,0,0,1,0.9680,322.3,
basal-4.5B,B,K16,exp03_completeness,1,1,1,0.9035,323.6,
basal-4.5B,B,K17,exp03_completeness,0,0,1,0.9838,222.5,
basal-4.5B,B,K18,exp03_completeness,1,0,0,0.5161,187.5,q2
basal-4.5B,B,K19,exp03_completeness,1,1,1,0.9841,197.3,
basal-4.5B,B,K20,exp03_completeness,0,0,1,0.9252,217.5,
basal-4.5B,B,K21,exp03_completeness,0,1,0,0.8336,715.8,q4
basal-4.5B,B,K22,exp03_completeness,0,0,1,0.8884,726.8,
basal-4.5B,B,K23,exp03_completeness,1,1,1,0.8491,680.4,
basal-4.5B,B,K24,exp03_completeness,1,1,1,0.8889,646.2,
basal-4.5B,B,K25,exp03_completeness,0,0,1,0.9337,731.2,
basal-4.5B,B,K26,exp03_completeness,1,1,1,0.9692,648.2,
basal-4.5B,B,K27,exp03_completeness,0,0,1,0.7550,548.7,
basal-4.5B,B,K28,exp03_completeness,1,1,1,0.9396,542.5,
basal-4.5B,B,K29,exp03_completeness,0,0,1,0.5503,551.3,
basal-4.5B,B,K30,exp03_completeness,1,1,1,0.9833,492.7,
basal-4.5B,B,K31,exp03_completeness,1,1,1,0.9979,498.9,q2
basal-4.5B,B,K32,exp03_completeness,0,0,1,0.5816,574.6,
basal-4.5B,B,K33,exp03_completeness,0,0,1,0.9588,400.9,
basal-4.5B,B,K34,exp03_completeness,1,1,1,0.9968,368.2,q2
basal-4.5B,B,K35,exp03_completeness,0,0,1,0.8896,466.7,
basal-4.5B,B,K36,exp03_completeness,1,1,1,0.9997,447.7,
basal-4.5B,B,K37,exp03_completeness,0,0,1,0.9107,533.6,
basal-4.5B,B,K38,exp03_completeness,1,0,0,0.6366,467.4,q4
basal-4.5B,B,K40,exp03_completeness,1,1,1,1.0000,665.3,
basal-1.5B,compound,ADM01,exp04_rules,0,0,1,0.6398,54.3,
basal-1.5B,compound,ADM02,exp04_rules,0,0,1,0.6952,52.7,
basal-1.5B,compound,ADM03,exp04_rules,1,0,0,0.5805,58.2,
basal-1.5B,compound,ADM04,exp04_rules,0,0,1,0.6039,62.3,
basal-1.5B,compound,ADM12,exp04_rules,2,2,1,0.6179,68.4,
basal-1.5B,compound,LAW01,exp04_rules,0,0,1,0.5971,55.1,
basal-1.5B,compound,LAW02,exp04_rules,1,1,1,0.7368,56.0,
basal-1.5B,compound,LAW03,exp04_rules,1,1,1,0.7590,57.7,
basal-1.5B,compound,LAW04,exp04_rules,1,1,1,0.6140,56.7,
basal-1.5B,compound,LAW14,exp04_rules,2,2,1,0.4384,58.2,
basal-1.5B,compound,HR01,exp04_rules,0,1,0,0.5922,58.9,
basal-1.5B,compound,HR02,exp04_rules,1,0,0,0.5000,54.8,
basal-1.5B,compound,HR03,exp04_rules,0,0,1,0.5117,54.1,
basal-1.5B,compound,HR04,exp04_rules,0,1,0,0.9258,54.8,
basal-1.5B,compound,HR14,exp04_rules,1,2,0,0.3956,58.3,
basal-1.5B,compound,MED01,exp04_rules,0,0,1,0.7849,96.0,
basal-1.5B,compound,MED02,exp04_rules,1,0,0,0.7875,61.4,
basal-1.5B,compound,MED03,exp04_rules,1,1,1,0.6872,51.1,
basal-1.5B,compound,MED04,exp04_rules,0,0,1,0.6953,58.5,
basal-1.5B,compound,MED13,exp04_rules,1,1,1,0.9665,51.6,
basal-1.5B,compound,INS01,exp04_rules,1,1,1,0.5869,61.7,
basal-1.5B,compound,INS02,exp04_rules,0,0,1,0.5740,56.0,
basal-1.5B,compound,INS03,exp04_rules,0,0,1,0.6456,65.2,
basal-1.5B,compound,INS04,exp04_rules,1,0,0,0.5175,62.1,
basal-1.5B,compound,INS06,exp04_rules,1,1,1,0.7547,61.0,
basal-1.5B,compound,BNK01,exp04_rules,1,1,1,0.8096,72.1,
basal-1.5B,compound,BNK02,exp04_rules,0,1,0,0.6777,78.4,
basal-1.5B,compound,BNK03,exp04_rules,0,0,1,0.7320,59.5,
basal-1.5B,compound,BNK04,exp04_rules,1,0,0,0.6364,62.2,
basal-1.5B,compound,BNK05,exp04_rules,1,1,1,0.6818,61.2,
basal-1.5B,compound,LOG01,exp04_rules,1,0,0,0.5633,59.7,
basal-1.5B,compound,LOG02,exp04_rules,0,0,1,0.5339,64.2,
basal-1.5B,compound,LOG03,exp04_rules,1,0,0,0.6088,58.0,
basal-1.5B,compound,LOG04,exp04_rules,0,0,1,0.7939,56.3,
basal-1.5B,compound,LOG05,exp04_rules,1,0,0,0.6145,58.6,
basal-1.5B,compound,ITS01,exp04_rules,0,0,1,0.8062,58.3,
basal-1.5B,compound,ITS02,exp04_rules,1,0,0,0.7881,57.1,
basal-1.5B,compound,ITS03,exp04_rules,1,0,0,0.8890,60.5,
basal-1.5B,compound,ITS04,exp04_rules,0,1,0,0.6840,53.8,
basal-1.5B,compound,ITS05,exp04_rules,1,1,1,0.5510,51.2,
basal-1.5B,compound,MFG01,exp04_rules,1,1,1,0.6679,58.4,
basal-1.5B,compound,MFG02,exp04_rules,0,0,1,0.6438,66.0,
basal-1.5B,compound,MFG03,exp04_rules,0,0,1,0.8204,54.9,
basal-1.5B,compound,MFG04,exp04_rules,0,0,1,0.5460,57.2,
basal-1.5B,compound,MFG05,exp04_rules,0,1,0,0.9372,51.7,
basal-1.5B,compound,EDU01,exp04_rules,1,0,0,0.5463,58.8,
basal-1.5B,compound,EDU02,exp04_rules,0,0,1,0.9700,61.0,
basal-1.5B,compound,EDU03,exp04_rules,1,1,1,0.5117,52.8,
basal-1.5B,compound,EDU04,exp04_rules,0,0,1,0.6935,54.8,
basal-1.5B,compound,EDU05,exp04_rules,1,1,1,0.5174,56.9,
basal-1.5B,compound,RE01,exp04_rules,1,0,0,0.5741,55.5,
basal-1.5B,compound,RE02,exp04_rules,0,0,1,0.6581,64.3,
basal-1.5B,compound,RE03,exp04_rules,1,1,1,0.6583,52.9,
basal-1.5B,compound,RE04,exp04_rules,0,1,0,0.5057,51.5,
basal-1.5B,compound,RE05,exp04_rules,0,0,1,0.5636,52.1,
basal-1.5B,compound,ECM01,exp04_rules,0,1,0,0.7136,70.6,
basal-1.5B,compound,ECM02,exp04_rules,1,0,0,0.6583,65.8,
basal-1.5B,compound,ECM03,exp04_rules,1,1,1,0.6490,68.7,
basal-1.5B,compound,ECM04,exp04_rules,1,1,1,0.5408,68.5,
basal-1.5B,compound,ECM05,exp04_rules,0,1,0,0.5059,64.5,
basal-1.5B,compound,K01,exp03_completeness,0,0,1,0.5809,53.4,
basal-1.5B,compound,K02,exp03_completeness,1,0,0,0.6364,52.7,
basal-1.5B,compound,K03,exp03_completeness,1,0,0,0.5864,49.2,
basal-1.5B,compound,K04,exp03_completeness,0,0,1,0.7870,52.5,
basal-1.5B,compound,K05,exp03_completeness,1,1,1,0.5636,48.7,
basal-1.5B,compound,K06,exp03_completeness,0,0,1,0.6205,51.8,
basal-1.5B,compound,K07,exp03_completeness,1,0,0,0.5697,49.4,
basal-1.5B,compound,K08,exp03_completeness,0,0,1,0.6202,48.5,
basal-1.5B,compound,K09,exp03_completeness,1,0,0,0.5980,44.5,
basal-1.5B,compound,K10,exp03_completeness,0,0,1,0.8207,55.3,
basal-1.5B,compound,K11,exp03_completeness,1,0,0,0.5463,49.3,
basal-1.5B,compound,K12,exp03_completeness,0,0,1,0.8774,56.1,
basal-1.5B,compound,K13,exp03_completeness,1,0,0,0.5583,44.1,
basal-1.5B,compound,K14,exp03_completeness,1,0,0,0.6364,45.8,
basal-1.5B,compound,K15,exp03_completeness,0,0,1,0.8293,50.0,
basal-1.5B,compound,K16,exp03_completeness,1,0,0,0.8055,45.6,
basal-1.5B,compound,K17,exp03_completeness,0,0,1,0.8905,47.6,
basal-1.5B,compound,K18,exp03_completeness,1,0,0,0.7757,42.9,
basal-1.5B,compound,K19,exp03_completeness,1,0,0,0.7877,45.4,
basal-1.5B,compound,K20,exp03_completeness,0,0,1,0.8457,45.0,
basal-1.5B,compound,K21,exp03_completeness,0,0,1,0.8483,54.2,
basal-1.5B,compound,K22,exp03_completeness,0,0,1,0.6893,54.2,
basal-1.5B,compound,K23,exp03_completeness,1,0,0,0.7342,52.4,
basal-1.5B,compound,K24,exp03_completeness,1,0,0,0.5955,51.0,
basal-1.5B,compound,K25,exp03_completeness,0,0,1,0.8751,54.7,
basal-1.5B,compound,K26,exp03_completeness,1,1,1,0.6489,51.0,
basal-1.5B,compound,K27,exp03_completeness,0,0,1,0.6931,53.2,
basal-1.5B,compound,K28,exp03_completeness,1,0,0,0.5864,52.3,
basal-1.5B,compound,K29,exp03_completeness,0,0,1,0.7082,53.0,
basal-1.5B,compound,K30,exp03_completeness,1,0,0,0.6183,51.9,
basal-1.5B,compound,K31,exp03_completeness,1,0,0,0.5519,52.3,
basal-1.5B,compound,K32,exp03_completeness,0,0,1,0.6092,55.6,
basal-1.5B,compound,K33,exp03_completeness,0,0,1,0.5692,50.0,
basal-1.5B,compound,K34,exp03_completeness,1,1,1,0.6015,49.4,
basal-1.5B,compound,K35,exp03_completeness,0,0,1,0.8204,52.8,
basal-1.5B,compound,K36,exp03_completeness,1,1,1,0.5615,51.7,
basal-1.5B,compound,K37,exp03_completeness,0,0,1,0.5345,50.8,
basal-1.5B,compound,K38,exp03_completeness,1,0,0,0.7184,49.3,
basal-1.5B,compound,K40,exp03_completeness,1,1,1,0.5845,45.7,
basal-1.5B,A,ADM01,exp04_rules,0,0,1,0.7627,153.4,q1 q2
basal-1.5B,A,ADM02,exp04_rules,0,0,1,0.9015,223.7,
basal-1.5B,A,ADM03,exp04_rules,1,0,0,0.7403,154.0,q1 q2
basal-1.5B,A,ADM04,exp04_rules,0,1,0,0.9115,197.9,q1 q2 q3
basal-1.5B,A,ADM12,exp04_rules,2,2,1,0.7075,148.8,
basal-1.5B,A,LAW01,exp04_rules,0,1,0,0.4483,143.3,q3
basal-1.5B,A,LAW02,exp04_rules,1,0,0,0.5078,101.8,q1
basal-1.5B,A,LAW03,exp04_rules,1,1,1,0.7098,216.5,
basal-1.5B,A,LAW04,exp04_rules,1,0,0,0.4909,165.2,q1
basal-1.5B,A,LAW14,exp04_rules,2,0,0,0.7292,168.6,q2 q3 q4
basal-1.5B,A,HR01,exp04_rules,0,0,1,0.2722,199.8,
basal-1.5B,A,HR02,exp04_rules,1,1,1,0.7815,102.3,
basal-1.5B,A,HR03,exp04_rules,0,1,0,0.9410,143.8,q2 q3
basal-1.5B,A,HR04,exp04_rules,0,1,0,0.8053,175.4,q2
basal-1.5B,A,HR14,exp04_rules,1,1,1,0.3945,182.9,
basal-1.5B,A,MED01,exp04_rules,0,0,1,0.6211,373.3,q6
basal-1.5B,A,MED02,exp04_rules,1,0,0,0.5302,304.9,q6
basal-1.5B,A,MED03,exp04_rules,1,1,1,0.6317,176.0,q3 q4
basal-1.5B,A,MED04,exp04_rules,0,1,0,0.7993,192.2,q1 q4
basal-1.5B,A,MED13,exp04_rules,1,1,1,0.4577,168.5,
basal-1.5B,A,INS01,exp04_rules,1,0,0,0.5467,54.1,q1
basal-1.5B,A,INS02,exp04_rules,0,0,1,0.7907,137.8,
basal-1.5B,A,INS03,exp04_rules,0,0,1,0.3341,337.9,
basal-1.5B,A,INS04,exp04_rules,1,1,1,0.8400,160.8,
basal-1.5B,A,INS06,exp04_rules,1,1,1,0.6669,305.1,
basal-1.5B,A,BNK01,exp04_rules,1,1,1,0.3749,258.0,
basal-1.5B,A,BNK02,exp04_rules,0,1,0,0.3837,274.4,q5
basal-1.5B,A,BNK03,exp04_rules,0,0,1,0.3645,262.2,
basal-1.5B,A,BNK04,exp04_rules,1,1,1,0.7795,258.9,q4 q5
basal-1.5B,A,BNK05,exp04_rules,1,1,1,0.8250,229.7,
basal-1.5B,A,LOG01,exp04_rules,1,1,1,0.7400,106.3,
basal-1.5B,A,LOG02,exp04_rules,0,1,0,0.8137,212.0,q4
basal-1.5B,A,LOG03,exp04_rules,1,1,1,0.9995,353.1,q1 q2 q5 q6 q7
basal-1.5B,A,LOG04,exp04_rules,0,1,0,0.8721,197.2,q2
basal-1.5B,A,LOG05,exp04_rules,1,0,0,0.4709,103.4,q2
basal-1.5B,A,ITS01,exp04_rules,0,0,1,0.5267,147.4,
basal-1.5B,A,ITS02,exp04_rules,1,0,0,0.5917,312.5,q3
basal-1.5B,A,ITS03,exp04_rules,1,0,0,0.6328,151.7,q2
basal-1.5B,A,ITS04,exp04_rules,0,1,0,0.6297,86.9,q1
basal-1.5B,A,ITS05,exp04_rules,1,1,1,0.8438,173.0,
basal-1.5B,A,MFG01,exp04_rules,1,1,1,0.6747,93.7,
basal-1.5B,A,MFG02,exp04_rules,0,1,0,0.6508,177.7,q3
basal-1.5B,A,MFG03,exp04_rules,0,0,1,0.3060,181.5,
basal-1.5B,A,MFG04,exp04_rules,0,0,1,0.5698,54.5,
basal-1.5B,A,MFG05,exp04_rules,0,0,1,0.5524,42.9,
basal-1.5B,A,EDU01,exp04_rules,1,0,0,0.7066,152.7,q1 q2
basal-1.5B,A,EDU02,exp04_rules,0,0,1,0.9443,149.2,
basal-1.5B,A,EDU03,exp04_rules,1,1,1,0.5805,47.2,
basal-1.5B,A,EDU04,exp04_rules,0,1,0,0.7838,223.1,q2
basal-1.5B,A,EDU05,exp04_rules,1,1,1,0.8561,91.3,
basal-1.5B,A,RE01,exp04_rules,1,0,0,0.5117,50.9,q1
basal-1.5B,A,RE02,exp04_rules,0,0,1,0.6094,56.6,
basal-1.5B,A,RE03,exp04_rules,1,0,0,0.7368,52.2,q1
basal-1.5B,A,RE04,exp04_rules,0,0,1,0.9044,46.4,
basal-1.5B,A,RE05,exp04_rules,0,1,0,0.4222,143.6,q3
basal-1.5B,A,ECM01,exp04_rules,0,1,0,0.9225,322.8,q2 q5
basal-1.5B,A,ECM02,exp04_rules,1,1,1,0.8952,310.5,q6
basal-1.5B,A,ECM03,exp04_rules,1,1,1,0.9032,301.2,
basal-1.5B,A,ECM04,exp04_rules,1,0,0,0.3272,296.2,q6
basal-1.5B,A,ECM05,exp04_rules,0,0,1,0.2787,297.5,q6
basal-1.5B,A,K01,exp03_completeness,0,0,1,0.3676,195.2,
basal-1.5B,A,K02,exp03_completeness,1,1,1,0.9901,211.7,q2
basal-1.5B,A,K03,exp03_completeness,1,1,1,0.9724,204.6,
basal-1.5B,A,K04,exp03_completeness,0,0,1,0.6774,218.2,
basal-1.5B,A,K05,exp03_completeness,1,1,1,0.7726,190.8,
basal-1.5B,A,K06,exp03_completeness,0,0,1,0.6631,191.7,
basal-1.5B,A,K07,exp03_completeness,1,1,1,0.9514,189.2,
basal-1.5B,A,K08,exp03_completeness,0,1,0,0.6904,187.6,q2
basal-1.5B,A,K09,exp03_completeness,1,1,1,0.9853,189.9,q3
basal-1.5B,A,K10,exp03_completeness,0,0,1,0.6628,217.2,
basal-1.5B,A,K11,exp03_completeness,1,1,1,0.8149,185.5,
basal-1.5B,A,K12,exp03_completeness,0,0,1,0.7617,126.8,
basal-1.5B,A,K13,exp03_completeness,1,1,1,0.9797,113.6,q3
basal-1.5B,A,K14,exp03_completeness,1,1,1,0.9696,119.7,q3
basal-1.5B,A,K15,exp03_completeness,0,1,0,0.8154,127.5,q3
basal-1.5B,A,K16,exp03_completeness,1,1,1,0.8002,125.6,
basal-1.5B,A,K17,exp03_completeness,0,0,1,0.8821,85.6,
basal-1.5B,A,K18,exp03_completeness,1,0,0,0.5642,75.9,q2
basal-1.5B,A,K19,exp03_completeness,1,1,1,0.9760,84.3,
basal-1.5B,A,K20,exp03_completeness,0,0,1,0.7554,82.3,
basal-1.5B,A,K21,exp03_completeness,0,1,0,0.8929,271.0,q4
basal-1.5B,A,K22,exp03_completeness,0,0,1,0.7348,269.1,
basal-1.5B,A,K23,exp03_completeness,1,1,1,0.8678,256.3,q4
basal-1.5B,A,K24,exp03_completeness,1,0,0,0.5207,246.0,q3
basal-1.5B,A,K25,exp03_completeness,0,0,1,0.7913,272.9,
basal-1.5B,A,K26,exp03_completeness,1,1,1,0.9958,252.7,q4 q5
basal-1.5B,A,K27,exp03_completeness,0,0,1,0.5025,210.0,
basal-1.5B,A,K28,exp03_completeness,1,1,1,0.9701,207.5,q2 q3 q5
basal-1.5B,A,K29,exp03_completeness,0,1,0,0.9897,209.5,q2 q3
basal-1.5B,A,K30,exp03_completeness,1,1,1,0.9719,197.3,q3
basal-1.5B,A,K31,exp03_completeness,1,1,1,0.9952,195.3,q2
basal-1.5B,A,K32,exp03_completeness,0,1,0,0.8079,226.4,q3
basal-1.5B,A,K33,exp03_completeness,0,1,0,0.6659,160.3,q2
basal-1.5B,A,K34,exp03_completeness,1,1,1,0.9931,149.6,q2
basal-1.5B,A,K35,exp03_completeness,0,0,1,0.9344,179.2,
basal-1.5B,A,K36,exp03_completeness,1,1,1,0.9319,177.1,q1
basal-1.5B,A,K37,exp03_completeness,0,1,0,0.9629,204.0,q2 q3
basal-1.5B,A,K38,exp03_completeness,1,1,1,0.9800,197.3,q2 q3
basal-1.5B,A,K40,exp03_completeness,1,1,1,0.9984,189.9,
basal-1.5B,B,ADM01,exp04_rules,0,0,1,1.0000,0.0,
basal-1.5B,B,ADM02,exp04_rules,0,0,1,0.9015,223.7,
basal-1.5B,B,ADM03,exp04_rules,1,1,1,1.0000,0.0,
basal-1.5B,B,ADM04,exp04_rules,0,0,1,0.5277,50.5,
basal-1.5B,B,ADM12,exp04_rules,2,2,1,0.9910,51.9,
basal-1.5B,B,LAW01,exp04_rules,0,0,1,1.0000,0.0,
basal-1.5B,B,LAW02,exp04_rules,1,1,1,1.0000,49.5,
basal-1.5B,B,LAW03,exp04_rules,1,1,1,0.9740,158.9,
basal-1.5B,B,LAW04,exp04_rules,1,1,1,1.0000,50.8,
basal-1.5B,B,LAW14,exp04_rules,2,0,0,0.5954,84.3,q2
basal-1.5B,B,HR01,exp04_rules,0,0,1,0.6471,97.3,
basal-1.5B,B,HR02,exp04_rules,1,1,1,1.0000,50.2,
basal-1.5B,B,HR03,exp04_rules,0,0,1,1.0000,0.0,
basal-1.5B,B,HR04,exp04_rules,0,1,0,0.8053,175.4,q2
basal-1.5B,B,HR14,exp04_rules,1,1,1,0.9833,89.0,
basal-1.5B,B,MED01,exp04_rules,0,0,1,0.7204,263.3,
basal-1.5B,B,MED02,exp04_rules,1,1,1,1.0000,254.2,
basal-1.5B,B,MED03,exp04_rules,1,1,1,0.8209,133.9,q3
basal-1.5B,B,MED04,exp04_rules,0,1,0,0.5842,143.2,q4
basal-1.5B,B,MED13,exp04_rules,1,1,1,0.4577,168.5,
basal-1.5B,B,INS01,exp04_rules,1,1,1,1.0000,0.0,
basal-1.5B,B,INS02,exp04_rules,0,0,1,0.9856,93.3,
basal-1.5B,B,INS03,exp04_rules,0,0,1,0.6536,165.7,
basal-1.5B,B,INS04,exp04_rules,1,1,1,1.0000,0.0,
basal-1.5B,B,INS06,exp04_rules,1,1,1,0.9281,154.4,
basal-1.5B,B,BNK01,exp04_rules,1,1,1,0.9266,51.7,
basal-1.5B,B,BNK02,exp04_rules,0,0,1,1.0000,55.5,
basal-1.5B,B,BNK03,exp04_rules,0,0,1,0.6715,100.9,
basal-1.5B,B,BNK04,exp04_rules,1,1,1,1.0000,103.3,q5
basal-1.5B,B,BNK05,exp04_rules,1,1,1,1.0000,134.9,
basal-1.5B,B,LOG01,exp04_rules,1,1,1,1.0000,0.0,
basal-1.5B,B,LOG02,exp04_rules,0,0,1,0.5342,51.9,
basal-1.5B,B,LOG03,exp04_rules,1,1,1,1.0000,301.7,q1 q2 q5 q6
basal-1.5B,B,LOG04,exp04_rules,0,1,0,0.6941,97.8,q2
basal-1.5B,B,LOG05,exp04_rules,1,1,1,1.0000,48.5,
basal-1.5B,B,ITS01,exp04_rules,0,0,1,0.7486,99.7,
basal-1.5B,B,ITS02,exp04_rules,1,1,1,1.0000,258.1,
basal-1.5B,B,ITS03,exp04_rules,1,1,1,1.0000,101.5,
basal-1.5B,B,ITS04,exp04_rules,0,0,1,0.9761,43.7,
basal-1.5B,B,ITS05,exp04_rules,1,1,1,0.8438,173.0,
basal-1.5B,B,MFG01,exp04_rules,1,1,1,1.0000,0.0,
basal-1.5B,B,MFG02,exp04_rules,0,0,1,1.0000,57.7,
basal-1.5B,B,MFG03,exp04_rules,0,0,1,0.4879,136.2,
basal-1.5B,B,MFG04,exp04_rules,0,0,1,1.0000,0.0,
basal-1.5B,B,MFG05,exp04_rules,0,0,1,1.0000,0.0,
basal-1.5B,B,EDU01,exp04_rules,1,1,1,1.0000,0.0,
basal-1.5B,B,EDU02,exp04_rules,0,0,1,0.9902,49.7,
basal-1.5B,B,EDU03,exp04_rules,1,1,1,1.0000,0.0,
basal-1.5B,B,EDU04,exp04_rules,0,1,0,0.7838,223.1,q2
basal-1.5B,B,EDU05,exp04_rules,1,1,1,0.7368,45.3,
basal-1.5B,B,RE01,exp04_rules,1,1,1,1.0000,0.0,
basal-1.5B,B,RE02,exp04_rules,0,0,1,1.0000,0.0,
basal-1.5B,B,RE03,exp04_rules,1,0,0,0.7368,52.2,q1
basal-1.5B,B,RE04,exp04_rules,0,0,1,0.9044,46.4,
basal-1.5B,B,RE05,exp04_rules,0,0,1,1.0000,0.0,
basal-1.5B,B,ECM01,exp04_rules,0,0,1,0.3844,157.9,
basal-1.5B,B,ECM02,exp04_rules,1,1,1,0.8634,155.3,
basal-1.5B,B,ECM03,exp04_rules,1,1,1,0.8249,151.0,
basal-1.5B,B,ECM04,exp04_rules,1,1,1,1.0000,146.9,
basal-1.5B,B,ECM05,exp04_rules,0,0,1,0.5611,145.6,
basal-1.5B,B,K01,exp03_completeness,0,0,1,0.3676,195.2,
basal-1.5B,B,K02,exp03_completeness,1,1,1,0.9901,211.7,q2
basal-1.5B,B,K03,exp03_completeness,1,1,1,0.9724,204.6,
basal-1.5B,B,K04,exp03_completeness,0,0,1,0.6774,218.2,
basal-1.5B,B,K05,exp03_completeness,1,1,1,0.7726,190.8,
basal-1.5B,B,K06,exp03_completeness,0,0,1,0.6631,191.7,
basal-1.5B,B,K07,exp03_completeness,1,1,1,0.9514,189.2,
basal-1.5B,B,K08,exp03_completeness,0,1,0,0.6904,187.6,q2
basal-1.5B,B,K09,exp03_completeness,1,1,1,0.9853,189.9,q3
basal-1.5B,B,K10,exp03_completeness,0,0,1,0.6628,217.2,
basal-1.5B,B,K11,exp03_completeness,1,1,1,0.8149,185.5,
basal-1.5B,B,K12,exp03_completeness,0,0,1,0.7617,126.8,
basal-1.5B,B,K13,exp03_completeness,1,1,1,0.9797,113.6,q3
basal-1.5B,B,K14,exp03_completeness,1,1,1,0.9696,119.7,q3
basal-1.5B,B,K15,exp03_completeness,0,1,0,0.8154,127.5,q3
basal-1.5B,B,K16,exp03_completeness,1,1,1,0.8002,125.6,
basal-1.5B,B,K17,exp03_completeness,0,0,1,0.8821,85.6,
basal-1.5B,B,K18,exp03_completeness,1,0,0,0.5642,75.9,q2
basal-1.5B,B,K19,exp03_completeness,1,1,1,0.9760,84.3,
basal-1.5B,B,K20,exp03_completeness,0,0,1,0.7554,82.3,
basal-1.5B,B,K21,exp03_completeness,0,1,0,0.8929,271.0,q4
basal-1.5B,B,K22,exp03_completeness,0,0,1,0.7348,269.1,
basal-1.5B,B,K23,exp03_completeness,1,1,1,0.8678,256.3,q4
basal-1.5B,B,K24,exp03_completeness,1,0,0,0.5207,246.0,q3
basal-1.5B,B,K25,exp03_completeness,0,0,1,0.7913,272.9,
basal-1.5B,B,K26,exp03_completeness,1,1,1,0.9958,252.7,q4 q5
basal-1.5B,B,K27,exp03_completeness,0,0,1,0.5025,210.0,
basal-1.5B,B,K28,exp03_completeness,1,1,1,0.9701,207.5,q2 q3 q5
basal-1.5B,B,K29,exp03_completeness,0,1,0,0.9897,209.5,q2 q3
basal-1.5B,B,K30,exp03_completeness,1,1,1,0.9719,197.3,q3
basal-1.5B,B,K31,exp03_completeness,1,1,1,0.9952,195.3,q2
basal-1.5B,B,K32,exp03_completeness,0,1,0,0.8079,226.4,q3
basal-1.5B,B,K33,exp03_completeness,0,1,0,0.6659,160.3,q2
basal-1.5B,B,K34,exp03_completeness,1,1,1,0.9931,149.6,q2
basal-1.5B,B,K35,exp03_completeness,0,0,1,0.9344,179.2,
basal-1.5B,B,K36,exp03_completeness,1,1,1,0.9319,177.1,q1
basal-1.5B,B,K37,exp03_completeness,0,1,0,0.9629,204.0,q2 q3
basal-1.5B,B,K38,exp03_completeness,1,1,1,0.9800,197.3,q2 q3
basal-1.5B,B,K40,exp03_completeness,1,1,1,0.9984,189.9,
Jev 1.13,compound,ADM01,exp04_rules,0,0,1,0.7800,279.0,
Jev 1.13,compound,ADM02,exp04_rules,0,0,1,0.9400,288.7,
Jev 1.13,compound,ADM03,exp04_rules,1,0,0,0.7650,297.2,
Jev 1.13,compound,ADM04,exp04_rules,0,0,1,0.9500,386.8,
Jev 1.13,compound,ADM12,exp04_rules,2,2,1,0.9800,270.6,
Jev 1.13,compound,LAW01,exp04_rules,0,0,1,0.8650,314.4,
Jev 1.13,compound,LAW02,exp04_rules,1,0,0,0.7100,278.7,
Jev 1.13,compound,LAW03,exp04_rules,1,1,1,0.7950,267.2,
Jev 1.13,compound,LAW04,exp04_rules,1,1,1,0.8950,274.8,
Jev 1.13,compound,LAW14,exp04_rules,2,2,1,0.8050,282.7,
Jev 1.13,compound,HR01,exp04_rules,0,0,1,0.7900,300.5,
Jev 1.13,compound,HR02,exp04_rules,1,1,1,0.9300,287.7,
Jev 1.13,compound,HR03,exp04_rules,0,0,1,0.9200,302.3,
Jev 1.13,compound,HR04,exp04_rules,0,0,1,0.9300,333.8,
Jev 1.13,compound,HR14,exp04_rules,1,1,1,0.6600,275.8,
Jev 1.13,compound,MED01,exp04_rules,0,0,1,0.9250,340.3,
Jev 1.13,compound,MED02,exp04_rules,1,1,1,0.6750,484.9,
Jev 1.13,compound,MED03,exp04_rules,1,0,0,0.5750,372.6,
Jev 1.13,compound,MED04,exp04_rules,0,0,1,0.8350,281.2,
Jev 1.13,compound,MED13,exp04_rules,1,1,1,1.0000,359.8,
Jev 1.13,compound,INS01,exp04_rules,1,1,1,0.5500,261.5,
Jev 1.13,compound,INS02,exp04_rules,0,0,1,0.9450,353.7,
Jev 1.13,compound,INS03,exp04_rules,0,0,1,0.8450,317.8,
Jev 1.13,compound,INS04,exp04_rules,1,1,1,0.9200,342.7,
Jev 1.13,compound,INS06,exp04_rules,1,0,0,0.6850,290.2,
Jev 1.13,compound,BNK01,exp04_rules,1,1,1,0.8900,280.9,
Jev 1.13,compound,BNK02,exp04_rules,0,0,1,0.8100,274.8,
Jev 1.13,compound,BNK03,exp04_rules,0,0,1,0.8550,313.6,
Jev 1.13,compound,BNK04,exp04_rules,1,0,0,0.6050,324.7,
Jev 1.13,compound,BNK05,exp04_rules,1,0,0,0.7350,270.4,
Jev 1.13,compound,LOG01,exp04_rules,1,0,0,0.5650,370.6,
Jev 1.13,compound,LOG02,exp04_rules,0,0,1,0.8550,310.8,
Jev 1.13,compound,LOG03,exp04_rules,1,1,1,0.9400,311.1,
Jev 1.13,compound,LOG04,exp04_rules,0,0,1,0.9400,280.4,
Jev 1.13,compound,LOG05,exp04_rules,1,1,1,0.6500,369.2,
Jev 1.13,compound,ITS01,exp04_rules,0,0,1,0.6700,273.0,
Jev 1.13,compound,ITS02,exp04_rules,1,1,1,0.6500,277.1,
Jev 1.13,compound,ITS03,exp04_rules,1,1,1,0.7100,284.1,
Jev 1.13,compound,ITS04,exp04_rules,0,0,1,0.9350,292.4,
Jev 1.13,compound,ITS05,exp04_rules,1,1,1,0.9300,273.3,
Jev 1.13,compound,MFG01,exp04_rules,1,1,1,0.9300,275.3,
Jev 1.13,compound,MFG02,exp04_rules,0,1,0,0.5400,266.7,
Jev 1.13,compound,MFG03,exp04_rules,0,0,1,0.7100,260.1,
Jev 1.13,compound,MFG04,exp04_rules,0,0,1,0.5650,274.1,
Jev 1.13,compound,MFG05,exp04_rules,0,0,1,0.9650,270.4,
Jev 1.13,compound,EDU01,exp04_rules,1,0,0,0.8100,400.7,
Jev 1.13,compound,EDU02,exp04_rules,0,0,1,0.9750,414.9,
Jev 1.13,compound,EDU03,exp04_rules,1,0,0,0.5200,345.9,
Jev 1.13,compound,EDU04,exp04_rules,0,0,1,0.9550,266.3,
Jev 1.13,compound,EDU05,exp04_rules,1,1,1,0.9250,362.6,
Jev 1.13,compound,RE01,exp04_rules,1,1,1,0.9250,364.8,
Jev 1.13,compound,RE02,exp04_rules,0,0,1,0.6250,311.6,
Jev 1.13,compound,RE03,exp04_rules,1,1,1,0.9100,336.0,
Jev 1.13,compound,RE04,exp04_rules,0,0,1,0.9100,325.8,
Jev 1.13,compound,RE05,exp04_rules,0,0,1,0.8550,298.8,
Jev 1.13,compound,ECM01,exp04_rules,0,0,1,0.9400,307.0,
Jev 1.13,compound,ECM02,exp04_rules,1,1,1,0.9350,323.8,
Jev 1.13,compound,ECM03,exp04_rules,1,1,1,0.9150,279.2,
Jev 1.13,compound,ECM04,exp04_rules,1,0,0,0.6750,343.8,
Jev 1.13,compound,ECM05,exp04_rules,0,0,1,0.9600,283.7,
Jev 1.13,compound,K01,exp03_completeness,0,0,1,0.9450,282.8,
Jev 1.13,compound,K02,exp03_completeness,1,1,1,0.9200,282.5,
Jev 1.13,compound,K03,exp03_completeness,1,1,1,0.9150,277.0,
Jev 1.13,compound,K04,exp03_completeness,0,0,1,0.9750,460.3,
Jev 1.13,compound,K05,exp03_completeness,1,1,1,0.9000,343.3,
Jev 1.13,compound,K06,exp03_completeness,0,0,1,0.9350,351.5,
Jev 1.13,compound,K07,exp03_completeness,1,1,1,0.9100,281.9,
Jev 1.13,compound,K08,exp03_completeness,0,0,1,0.9450,310.4,
Jev 1.13,compound,K09,exp03_completeness,1,1,1,0.8850,266.2,
Jev 1.13,compound,K10,exp03_completeness,0,0,1,0.9800,273.0,
Jev 1.13,compound,K11,exp03_completeness,1,1,1,0.9400,278.6,
Jev 1.13,compound,K12,exp03_completeness,0,0,1,0.9800,394.8,
Jev 1.13,compound,K13,exp03_completeness,1,1,1,0.9450,302.0,
Jev 1.13,compound,K14,exp03_completeness,1,1,1,0.9500,295.7,
Jev 1.13,compound,K15,exp03_completeness,0,0,1,0.9800,288.7,
Jev 1.13,compound,K16,exp03_completeness,1,1,1,0.8650,242.2,
Jev 1.13,compound,K17,exp03_completeness,0,0,1,0.9700,257.6,
Jev 1.13,compound,K18,exp03_completeness,1,1,1,0.9300,301.6,
Jev 1.13,compound,K19,exp03_completeness,1,1,1,0.9300,255.8,
Jev 1.13,compound,K20,exp03_completeness,0,0,1,0.9700,274.2,
Jev 1.13,compound,K21,exp03_completeness,0,0,1,0.9450,286.2,
Jev 1.13,compound,K22,exp03_completeness,0,1,0,0.6200,284.2,
Jev 1.13,compound,K23,exp03_completeness,1,1,1,0.9400,280.3,
Jev 1.13,compound,K24,exp03_completeness,1,1,1,0.9150,280.3,
Jev 1.13,compound,K25,exp03_completeness,0,0,1,0.9700,275.6,
Jev 1.13,compound,K26,exp03_completeness,1,1,1,0.9600,279.9,
Jev 1.13,compound,K27,exp03_completeness,0,0,1,0.9600,272.1,
Jev 1.13,compound,K28,exp03_completeness,1,1,1,0.9200,301.1,
Jev 1.13,compound,K29,exp03_completeness,0,0,1,0.9700,355.0,
Jev 1.13,compound,K30,exp03_completeness,1,1,1,0.9400,288.0,
Jev 1.13,compound,K31,exp03_completeness,1,1,1,0.9500,260.1,
Jev 1.13,compound,K32,exp03_completeness,0,0,1,0.9400,275.2,
Jev 1.13,compound,K33,exp03_completeness,0,0,1,0.9500,280.4,
Jev 1.13,compound,K34,exp03_completeness,1,1,1,0.9150,325.5,
Jev 1.13,compound,K35,exp03_completeness,0,0,1,0.9050,273.5,
Jev 1.13,compound,K36,exp03_completeness,1,1,1,0.9400,311.3,
Jev 1.13,compound,K37,exp03_completeness,0,0,1,0.9000,287.3,
Jev 1.13,compound,K38,exp03_completeness,1,1,1,0.8150,294.0,
Jev 1.13,compound,K40,exp03_completeness,1,1,1,0.9700,258.7,
Jev 1.13,A,ADM01,exp04_rules,0,1,0,0.5586,319.8,q3
Jev 1.13,A,ADM02,exp04_rules,0,0,1,0.8566,275.6,
Jev 1.13,A,ADM03,exp04_rules,1,0,0,0.8086,338.2,q1 q2 q3
Jev 1.13,A,ADM04,exp04_rules,0,0,1,0.9202,284.4,
Jev 1.13,A,ADM12,exp04_rules,2,2,1,0.8892,269.7,
Jev 1.13,A,LAW01,exp04_rules,0,0,1,0.9025,315.7,q1
Jev 1.13,A,LAW02,exp04_rules,1,0,0,0.8496,330.7,q1
Jev 1.13,A,LAW03,exp04_rules,1,1,1,0.9275,278.3,q1
Jev 1.13,A,LAW04,exp04_rules,1,1,1,0.9517,353.4,
Jev 1.13,A,LAW14,exp04_rules,2,2,1,0.6364,279.0,
Jev 1.13,A,HR01,exp04_rules,0,0,1,0.8260,286.2,
Jev 1.13,A,HR02,exp04_rules,1,1,1,0.7818,315.6,
Jev 1.13,A,HR03,exp04_rules,0,0,1,0.6259,310.9,
Jev 1.13,A,HR04,exp04_rules,0,0,1,0.9805,289.0,
Jev 1.13,A,HR14,exp04_rules,1,1,1,0.8105,349.4,
Jev 1.13,A,MED01,exp04_rules,0,0,1,0.8111,296.8,q6
Jev 1.13,A,MED02,exp04_rules,1,1,1,0.7634,344.2,
Jev 1.13,A,MED03,exp04_rules,1,0,0,0.6810,299.0,q4
Jev 1.13,A,MED04,exp04_rules,0,0,1,0.7777,280.6,
Jev 1.13,A,MED13,exp04_rules,1,1,1,0.8841,280.6,
Jev 1.13,A,INS01,exp04_rules,1,0,0,0.5200,301.9,q1
Jev 1.13,A,INS02,exp04_rules,0,0,1,0.9268,284.4,
Jev 1.13,A,INS03,exp04_rules,0,0,1,0.8844,272.3,
Jev 1.13,A,INS04,exp04_rules,1,1,1,0.9465,307.2,
Jev 1.13,A,INS06,exp04_rules,1,1,1,0.8548,379.6,
Jev 1.13,A,BNK01,exp04_rules,1,1,1,0.7883,287.3,
Jev 1.13,A,BNK02,exp04_rules,0,0,1,0.8281,308.4,
Jev 1.13,A,BNK03,exp04_rules,0,0,1,0.7780,274.7,
Jev 1.13,A,BNK04,exp04_rules,1,1,1,0.6534,286.2,q3
Jev 1.13,A,BNK05,exp04_rules,1,1,1,0.8607,317.3,
Jev 1.13,A,LOG01,exp04_rules,1,0,0,0.6176,316.5,q1
Jev 1.13,A,LOG02,exp04_rules,0,0,1,0.8472,313.6,
Jev 1.13,A,LOG03,exp04_rules,1,1,1,0.9843,320.9,q6
Jev 1.13,A,LOG04,exp04_rules,0,0,1,0.8128,288.9,
Jev 1.13,A,LOG05,exp04_rules,1,1,1,0.6208,337.7,
Jev 1.13,A,ITS01,exp04_rules,0,0,1,0.5433,322.9,
Jev 1.13,A,ITS02,exp04_rules,1,1,1,0.6858,288.9,
Jev 1.13,A,ITS03,exp04_rules,1,1,1,0.7442,307.4,
Jev 1.13,A,ITS04,exp04_rules,0,0,1,0.9216,292.2,
Jev 1.13,A,ITS05,exp04_rules,1,1,1,0.8970,394.4,
Jev 1.13,A,MFG01,exp04_rules,1,1,1,0.8879,280.5,
Jev 1.13,A,MFG02,exp04_rules,0,0,1,0.5284,287.1,
Jev 1.13,A,MFG03,exp04_rules,0,0,1,0.7409,387.8,
Jev 1.13,A,MFG04,exp04_rules,0,0,1,0.5450,299.0,
Jev 1.13,A,MFG05,exp04_rules,0,0,1,0.9500,317.7,
Jev 1.13,A,EDU01,exp04_rules,1,0,0,0.8464,280.4,q1 q2
Jev 1.13,A,EDU02,exp04_rules,0,0,1,0.8841,301.8,
Jev 1.13,A,EDU03,exp04_rules,1,0,0,0.5450,321.9,q1
Jev 1.13,A,EDU04,exp04_rules,0,0,1,0.8608,303.7,
Jev 1.13,A,EDU05,exp04_rules,1,1,1,0.9454,288.7,
Jev 1.13,A,RE01,exp04_rules,1,1,1,0.9150,257.0,
Jev 1.13,A,RE02,exp04_rules,0,1,0,0.6000,273.1,q1
Jev 1.13,A,RE03,exp04_rules,1,1,1,0.8800,300.5,
Jev 1.13,A,RE04,exp04_rules,0,0,1,0.9500,264.1,
Jev 1.13,A,RE05,exp04_rules,0,0,1,0.7405,298.2,q1
Jev 1.13,A,ECM01,exp04_rules,0,0,1,0.7410,342.8,q6
Jev 1.13,A,ECM02,exp04_rules,1,1,1,0.9375,275.8,q6
Jev 1.13,A,ECM03,exp04_rules,1,1,1,0.9446,346.7,
Jev 1.13,A,ECM04,exp04_rules,1,1,1,0.5801,295.1,
Jev 1.13,A,ECM05,exp04_rules,0,0,1,0.8126,303.7,q6
Jev 1.13,A,K01,exp03_completeness,0,0,1,0.9052,402.2,
Jev 1.13,A,K02,exp03_completeness,1,1,1,0.9232,279.9,
Jev 1.13,A,K03,exp03_completeness,1,1,1,0.9430,260.0,
Jev 1.13,A,K04,exp03_completeness,0,0,1,0.9510,271.2,
Jev 1.13,A,K05,exp03_completeness,1,1,1,0.9079,298.2,
Jev 1.13,A,K06,exp03_completeness,0,0,1,0.9052,292.1,
Jev 1.13,A,K07,exp03_completeness,1,1,1,0.9386,330.4,
Jev 1.13,A,K08,exp03_completeness,0,0,1,0.9010,380.5,
Jev 1.13,A,K09,exp03_completeness,1,1,1,0.9357,291.0,
Jev 1.13,A,K10,exp03_completeness,0,0,1,0.9510,267.7,
Jev 1.13,A,K11,exp03_completeness,1,1,1,0.9311,293.8,
Jev 1.13,A,K12,exp03_completeness,0,0,1,0.9654,262.2,
Jev 1.13,A,K13,exp03_completeness,1,1,1,0.9287,259.5,
Jev 1.13,A,K14,exp03_completeness,1,1,1,0.9240,303.5,
Jev 1.13,A,K15,exp03_completeness,0,0,1,0.9605,277.3,
Jev 1.13,A,K16,exp03_completeness,1,1,1,0.8751,270.9,
Jev 1.13,A,K17,exp03_completeness,0,0,1,0.9555,264.4,
Jev 1.13,A,K18,exp03_completeness,1,1,1,0.9216,326.5,
Jev 1.13,A,K19,exp03_completeness,1,1,1,0.9314,276.4,
Jev 1.13,A,K20,exp03_completeness,0,0,1,0.9604,283.8,
Jev 1.13,A,K21,exp03_completeness,0,0,1,0.8236,277.2,
Jev 1.13,A,K22,exp03_completeness,0,0,1,0.8967,320.7,
Jev 1.13,A,K23,exp03_completeness,1,1,1,0.8852,282.0,
Jev 1.13,A,K24,exp03_completeness,1,1,1,0.9172,306.5,
Jev 1.13,A,K25,exp03_completeness,0,0,1,0.9095,334.7,
Jev 1.13,A,K26,exp03_completeness,1,1,1,0.9851,291.1,
Jev 1.13,A,K27,exp03_completeness,0,0,1,0.7350,274.9,
Jev 1.13,A,K28,exp03_completeness,1,1,1,0.9434,286.7,
Jev 1.13,A,K29,exp03_completeness,0,0,1,0.6840,283.8,
Jev 1.13,A,K30,exp03_completeness,1,1,1,0.9362,333.9,
Jev 1.13,A,K31,exp03_completeness,1,1,1,0.9578,324.5,q2
Jev 1.13,A,K32,exp03_completeness,0,0,1,0.7059,271.4,
Jev 1.13,A,K33,exp03_completeness,0,0,1,0.9422,277.1,
Jev 1.13,A,K34,exp03_completeness,1,1,1,0.9391,256.7,
Jev 1.13,A,K35,exp03_completeness,0,0,1,0.9590,321.5,
Jev 1.13,A,K36,exp03_completeness,1,1,1,0.9952,294.2,
Jev 1.13,A,K37,exp03_completeness,0,0,1,0.8892,250.9,
Jev 1.13,A,K38,exp03_completeness,1,1,1,0.7802,305.1,
Jev 1.13,A,K40,exp03_completeness,1,1,1,0.9994,296.0,
Jev 1.13,B,ADM01,exp04_rules,0,0,1,1.0000,0.0,
Jev 1.13,B,ADM02,exp04_rules,0,0,1,0.8566,275.6,
Jev 1.13,B,ADM03,exp04_rules,1,1,1,1.0000,0.0,
Jev 1.13,B,ADM04,exp04_rules,0,0,1,0.9600,425.2,
Jev 1.13,B,ADM12,exp04_rules,2,2,1,0.9500,416.2,
Jev 1.13,B,LAW01,exp04_rules,0,0,1,1.0000,0.0,
Jev 1.13,B,LAW02,exp04_rules,1,1,1,1.0000,314.9,
Jev 1.13,B,LAW03,exp04_rules,1,1,1,0.9545,302.4,q1
Jev 1.13,B,LAW04,exp04_rules,1,1,1,1.0000,288.3,
Jev 1.13,B,LAW14,exp04_rules,2,2,1,0.6895,266.9,
Jev 1.13,B,HR01,exp04_rules,0,0,1,0.9800,305.2,
Jev 1.13,B,HR02,exp04_rules,1,1,1,1.0000,294.1,
Jev 1.13,B,HR03,exp04_rules,0,0,1,1.0000,0.0,
Jev 1.13,B,HR04,exp04_rules,0,0,1,0.9805,289.0,
Jev 1.13,B,HR14,exp04_rules,1,1,1,0.9554,332.8,
Jev 1.13,B,MED01,exp04_rules,0,0,1,0.8110,328.6,
Jev 1.13,B,MED02,exp04_rules,1,1,1,1.0000,295.4,
Jev 1.13,B,MED03,exp04_rules,1,1,1,0.8977,284.9,
Jev 1.13,B,MED04,exp04_rules,0,0,1,0.9710,309.6,
Jev 1.13,B,MED13,exp04_rules,1,1,1,0.8841,280.6,
Jev 1.13,B,INS01,exp04_rules,1,1,1,1.0000,0.0,
Jev 1.13,B,INS02,exp04_rules,0,0,1,0.9457,301.0,
Jev 1.13,B,INS03,exp04_rules,0,0,1,0.9806,268.4,
Jev 1.13,B,INS04,exp04_rules,1,1,1,1.0000,0.0,
Jev 1.13,B,INS06,exp04_rules,1,1,1,0.9018,269.8,
Jev 1.13,B,BNK01,exp04_rules,1,1,1,0.9200,279.4,
Jev 1.13,B,BNK02,exp04_rules,0,0,1,1.0000,267.8,
Jev 1.13,B,BNK03,exp04_rules,0,0,1,0.8976,301.9,
Jev 1.13,B,BNK04,exp04_rules,1,1,1,1.0000,272.7,
Jev 1.13,B,BNK05,exp04_rules,1,1,1,1.0000,412.7,
Jev 1.13,B,LOG01,exp04_rules,1,1,1,1.0000,0.0,
Jev 1.13,B,LOG02,exp04_rules,0,0,1,0.9000,279.9,
Jev 1.13,B,LOG03,exp04_rules,1,1,1,1.0000,309.5,q6
Jev 1.13,B,LOG04,exp04_rules,0,0,1,0.9120,304.2,
Jev 1.13,B,LOG05,exp04_rules,1,1,1,1.0000,270.2,
Jev 1.13,B,ITS01,exp04_rules,0,0,1,0.9702,320.5,
Jev 1.13,B,ITS02,exp04_rules,1,1,1,1.0000,304.9,
Jev 1.13,B,ITS03,exp04_rules,1,1,1,1.0000,321.9,
Jev 1.13,B,ITS04,exp04_rules,0,0,1,0.9650,298.0,
Jev 1.13,B,ITS05,exp04_rules,1,1,1,0.8970,394.4,
Jev 1.13,B,MFG01,exp04_rules,1,1,1,1.0000,0.0,
Jev 1.13,B,MFG02,exp04_rules,0,0,1,1.0000,355.7,
Jev 1.13,B,MFG03,exp04_rules,0,0,1,0.8883,280.0,
Jev 1.13,B,MFG04,exp04_rules,0,0,1,1.0000,0.0,
Jev 1.13,B,MFG05,exp04_rules,0,0,1,1.0000,0.0,
Jev 1.13,B,EDU01,exp04_rules,1,1,1,1.0000,0.0,
Jev 1.13,B,EDU02,exp04_rules,0,0,1,0.9250,302.4,
Jev 1.13,B,EDU03,exp04_rules,1,1,1,1.0000,0.0,
Jev 1.13,B,EDU04,exp04_rules,0,0,1,0.8608,303.7,
Jev 1.13,B,EDU05,exp04_rules,1,1,1,0.9400,278.9,
Jev 1.13,B,RE01,exp04_rules,1,1,1,1.0000,0.0,
Jev 1.13,B,RE02,exp04_rules,0,0,1,1.0000,0.0,
Jev 1.13,B,RE03,exp04_rules,1,1,1,0.8800,300.5,
Jev 1.13,B,RE04,exp04_rules,0,0,1,0.9500,264.1,
Jev 1.13,B,RE05,exp04_rules,0,0,1,1.0000,0.0,
Jev 1.13,B,ECM01,exp04_rules,0,0,1,0.9165,270.9,
Jev 1.13,B,ECM02,exp04_rules,1,1,1,0.9512,342.0,
Jev 1.13,B,ECM03,exp04_rules,1,1,1,0.9466,309.5,
Jev 1.13,B,ECM04,exp04_rules,1,1,1,1.0000,296.7,
Jev 1.13,B,ECM05,exp04_rules,0,0,1,0.8584,276.5,
Jev 1.13,B,K01,exp03_completeness,0,0,1,0.9052,402.2,
Jev 1.13,B,K02,exp03_completeness,1,1,1,0.9232,279.9,
Jev 1.13,B,K03,exp03_completeness,1,1,1,0.9430,260.0,
Jev 1.13,B,K04,exp03_completeness,0,0,1,0.9510,271.2,
Jev 1.13,B,K05,exp03_completeness,1,1,1,0.9079,298.2,
Jev 1.13,B,K06,exp03_completeness,0,0,1,0.9052,292.1,
Jev 1.13,B,K07,exp03_completeness,1,1,1,0.9386,330.4,
Jev 1.13,B,K08,exp03_completeness,0,0,1,0.9010,380.5,
Jev 1.13,B,K09,exp03_completeness,1,1,1,0.9357,291.0,
Jev 1.13,B,K10,exp03_completeness,0,0,1,0.9510,267.7,
Jev 1.13,B,K11,exp03_completeness,1,1,1,0.9311,293.8,
Jev 1.13,B,K12,exp03_completeness,0,0,1,0.9654,262.2,
Jev 1.13,B,K13,exp03_completeness,1,1,1,0.9287,259.5,
Jev 1.13,B,K14,exp03_completeness,1,1,1,0.9240,303.5,
Jev 1.13,B,K15,exp03_completeness,0,0,1,0.9605,277.3,
Jev 1.13,B,K16,exp03_completeness,1,1,1,0.8751,270.9,
Jev 1.13,B,K17,exp03_completeness,0,0,1,0.9555,264.4,
Jev 1.13,B,K18,exp03_completeness,1,1,1,0.9216,326.5,
Jev 1.13,B,K19,exp03_completeness,1,1,1,0.9314,276.4,
Jev 1.13,B,K20,exp03_completeness,0,0,1,0.9604,283.8,
Jev 1.13,B,K21,exp03_completeness,0,0,1,0.8236,277.2,
Jev 1.13,B,K22,exp03_completeness,0,0,1,0.8967,320.7,
Jev 1.13,B,K23,exp03_completeness,1,1,1,0.8852,282.0,
Jev 1.13,B,K24,exp03_completeness,1,1,1,0.9172,306.5,
Jev 1.13,B,K25,exp03_completeness,0,0,1,0.9095,334.7,
Jev 1.13,B,K26,exp03_completeness,1,1,1,0.9851,291.1,
Jev 1.13,B,K27,exp03_completeness,0,0,1,0.7350,274.9,
Jev 1.13,B,K28,exp03_completeness,1,1,1,0.9434,286.7,
Jev 1.13,B,K29,exp03_completeness,0,0,1,0.6840,283.8,
Jev 1.13,B,K30,exp03_completeness,1,1,1,0.9362,333.9,
Jev 1.13,B,K31,exp03_completeness,1,1,1,0.9578,324.5,q2
Jev 1.13,B,K32,exp03_completeness,0,0,1,0.7059,271.4,
Jev 1.13,B,K33,exp03_completeness,0,0,1,0.9422,277.1,
Jev 1.13,B,K34,exp03_completeness,1,1,1,0.9391,256.7,
Jev 1.13,B,K35,exp03_completeness,0,0,1,0.9590,321.5,
Jev 1.13,B,K36,exp03_completeness,1,1,1,0.9952,294.2,
Jev 1.13,B,K37,exp03_completeness,0,0,1,0.8892,250.9,
Jev 1.13,B,K38,exp03_completeness,1,1,1,0.7802,305.1,
Jev 1.13,B,K40,exp03_completeness,1,1,1,0.9994,296.0,
Gemini 3.8 Flash (medium),compound,ADM01,exp04_rules,0,0,1,,3467.6,
Gemini 3.8 Flash (medium),compound,ADM02,exp04_rules,0,0,1,,3123.5,
Gemini 3.8 Flash (medium),compound,ADM03,exp04_rules,1,1,1,,3303.3,
Gemini 3.8 Flash (medium),compound,ADM04,exp04_rules,0,0,1,,4441.3,
Gemini 3.8 Flash (medium),compound,ADM12,exp04_rules,2,2,1,,3545.2,
Gemini 3.8 Flash (medium),compound,LAW01,exp04_rules,0,0,1,,2584.3,
Gemini 3.8 Flash (medium),compound,LAW02,exp04_rules,1,1,1,,3087.1,
Gemini 3.8 Flash (medium),compound,LAW03,exp04_rules,1,1,1,,2738.2,
Gemini 3.8 Flash (medium),compound,LAW04,exp04_rules,1,1,1,,3721.7,
Gemini 3.8 Flash (medium),compound,LAW14,exp04_rules,2,2,1,,4095.2,
Gemini 3.8 Flash (medium),compound,HR01,exp04_rules,0,0,1,,3884.6,
Gemini 3.8 Flash (medium),compound,HR02,exp04_rules,1,1,1,,2977.9,
Gemini 3.8 Flash (medium),compound,HR03,exp04_rules,0,0,1,,3707.7,
Gemini 3.8 Flash (medium),compound,HR04,exp04_rules,0,0,1,,2454.1,
Gemini 3.8 Flash (medium),compound,HR14,exp04_rules,1,1,1,,4193.7,
Gemini 3.8 Flash (medium),compound,MED01,exp04_rules,0,0,1,,3886.0,
Gemini 3.8 Flash (medium),compound,MED02,exp04_rules,1,1,1,,4162.2,
Gemini 3.8 Flash (medium),compound,MED03,exp04_rules,1,1,1,,2567.5,
Gemini 3.8 Flash (medium),compound,MED04,exp04_rules,0,0,1,,2991.6,
Gemini 3.8 Flash (medium),compound,MED13,exp04_rules,1,1,1,,2916.6,
Gemini 3.8 Flash (medium),compound,INS01,exp04_rules,1,1,1,,4686.4,
Gemini 3.8 Flash (medium),compound,INS02,exp04_rules,0,0,1,,2918.6,
Gemini 3.8 Flash (medium),compound,INS03,exp04_rules,0,0,1,,4781.2,
Gemini 3.8 Flash (medium),compound,INS04,exp04_rules,1,1,1,,3172.0,
Gemini 3.8 Flash (medium),compound,INS06,exp04_rules,1,1,1,,4227.6,
Gemini 3.8 Flash (medium),compound,BNK01,exp04_rules,1,1,1,,4143.3,
Gemini 3.8 Flash (medium),compound,BNK02,exp04_rules,0,0,1,,5054.7,
Gemini 3.8 Flash (medium),compound,BNK03,exp04_rules,0,0,1,,3285.4,
Gemini 3.8 Flash (medium),compound,BNK04,exp04_rules,1,1,1,,3552.0,
Gemini 3.8 Flash (medium),compound,BNK05,exp04_rules,1,1,1,,2886.1,
Gemini 3.8 Flash (medium),compound,LOG01,exp04_rules,1,1,1,,3495.8,
Gemini 3.8 Flash (medium),compound,LOG02,exp04_rules,0,0,1,,4807.7,
Gemini 3.8 Flash (medium),compound,LOG03,exp04_rules,1,1,1,,2326.0,
Gemini 3.8 Flash (medium),compound,LOG04,exp04_rules,0,0,1,,3755.9,
Gemini 3.8 Flash (medium),compound,LOG05,exp04_rules,1,1,1,,4388.2,
Gemini 3.8 Flash (medium),compound,ITS01,exp04_rules,0,0,1,,3869.4,
Gemini 3.8 Flash (medium),compound,ITS02,exp04_rules,1,1,1,,3664.7,
Gemini 3.8 Flash (medium),compound,ITS03,exp04_rules,1,1,1,,3960.9,
Gemini 3.8 Flash (medium),compound,ITS04,exp04_rules,0,0,1,,2715.4,
Gemini 3.8 Flash (medium),compound,ITS05,exp04_rules,1,1,1,,2815.4,
Gemini 3.8 Flash (medium),compound,MFG01,exp04_rules,1,1,1,,1790.8,
Gemini 3.8 Flash (medium),compound,MFG02,exp04_rules,0,0,1,,4406.8,
Gemini 3.8 Flash (medium),compound,MFG03,exp04_rules,0,0,1,,3056.4,
Gemini 3.8 Flash (medium),compound,MFG04,exp04_rules,0,0,1,,4796.7,
Gemini 3.8 Flash (medium),compound,MFG05,exp04_rules,0,0,1,,2673.4,
Gemini 3.8 Flash (medium),compound,EDU01,exp04_rules,1,1,1,,3401.7,
Gemini 3.8 Flash (medium),compound,EDU02,exp04_rules,0,0,1,,2760.9,
Gemini 3.8 Flash (medium),compound,EDU03,exp04_rules,1,1,1,,2818.9,
Gemini 3.8 Flash (medium),compound,EDU04,exp04_rules,0,0,1,,2218.8,
Gemini 3.8 Flash (medium),compound,EDU05,exp04_rules,1,1,1,,2586.6,
Gemini 3.8 Flash (medium),compound,RE01,exp04_rules,1,1,1,,2507.4,
Gemini 3.8 Flash (medium),compound,RE02,exp04_rules,0,0,1,,5700.4,
Gemini 3.8 Flash (medium),compound,RE03,exp04_rules,1,1,1,,3053.0,
Gemini 3.8 Flash (medium),compound,RE04,exp04_rules,0,0,1,,2908.4,
Gemini 3.8 Flash (medium),compound,RE05,exp04_rules,0,0,1,,3578.1,
Gemini 3.8 Flash (medium),compound,ECM01,exp04_rules,0,0,1,,4949.5,
Gemini 3.8 Flash (medium),compound,ECM02,exp04_rules,1,1,1,,2674.8,
Gemini 3.8 Flash (medium),compound,ECM03,exp04_rules,1,1,1,,2990.0,
Gemini 3.8 Flash (medium),compound,ECM04,exp04_rules,1,1,1,,4555.7,
Gemini 3.8 Flash (medium),compound,ECM05,exp04_rules,0,0,1,,3699.9,
Gemini 3.8 Flash (medium),compound,K01,exp03_completeness,0,0,1,,3077.1,
Gemini 3.8 Flash (medium),compound,K02,exp03_completeness,1,1,1,,10019.7,
Gemini 3.8 Flash (medium),compound,K03,exp03_completeness,1,1,1,,2503.7,
Gemini 3.8 Flash (medium),compound,K04,exp03_completeness,0,0,1,,5435.2,
Gemini 3.8 Flash (medium),compound,K05,exp03_completeness,1,1,1,,10607.8,
Gemini 3.8 Flash (medium),compound,K06,exp03_completeness,0,0,1,,3161.1,
Gemini 3.8 Flash (medium),compound,K07,exp03_completeness,1,1,1,,11444.9,
Gemini 3.8 Flash (medium),compound,K08,exp03_completeness,0,0,1,,4512.9,
Gemini 3.8 Flash (medium),compound,K09,exp03_completeness,1,1,1,,2605.5,
Gemini 3.8 Flash (medium),compound,K10,exp03_completeness,0,0,1,,6470.8,
Gemini 3.8 Flash (medium),compound,K11,exp03_completeness,1,1,1,,3147.5,
Gemini 3.8 Flash (medium),compound,K12,exp03_completeness,0,0,1,,3255.0,
Gemini 3.8 Flash (medium),compound,K13,exp03_completeness,1,1,1,,11695.6,
Gemini 3.8 Flash (medium),compound,K14,exp03_completeness,1,1,1,,9999.3,
Gemini 3.8 Flash (medium),compound,K15,exp03_completeness,0,0,1,,2273.1,
Gemini 3.8 Flash (medium),compound,K16,exp03_completeness,1,1,1,,5462.2,
Gemini 3.8 Flash (medium),compound,K17,exp03_completeness,0,0,1,,3512.8,
Gemini 3.8 Flash (medium),compound,K18,exp03_completeness,1,1,1,,2146.0,
Gemini 3.8 Flash (medium),compound,K19,exp03_completeness,1,1,1,,1708.1,
Gemini 3.8 Flash (medium),compound,K20,exp03_completeness,0,0,1,,11721.7,
Gemini 3.8 Flash (medium),compound,K21,exp03_completeness,0,0,1,,2856.4,
Gemini 3.8 Flash (medium),compound,K22,exp03_completeness,0,0,1,,3852.0,
Gemini 3.8 Flash (medium),compound,K23,exp03_completeness,1,1,1,,5895.3,
Gemini 3.8 Flash (medium),compound,K24,exp03_completeness,1,1,1,,3036.8,
Gemini 3.8 Flash (medium),compound,K25,exp03_completeness,0,0,1,,2371.6,
Gemini 3.8 Flash (medium),compound,K26,exp03_completeness,1,1,1,,5705.3,
Gemini 3.8 Flash (medium),compound,K27,exp03_completeness,0,0,1,,1836.6,
Gemini 3.8 Flash (medium),compound,K28,exp03_completeness,1,1,1,,2595.7,
Gemini 3.8 Flash (medium),compound,K29,exp03_completeness,0,0,1,,2989.4,
Gemini 3.8 Flash (medium),compound,K30,exp03_completeness,1,1,1,,3528.9,
Gemini 3.8 Flash (medium),compound,K31,exp03_completeness,1,1,1,,7666.1,
Gemini 3.8 Flash (medium),compound,K32,exp03_completeness,0,0,1,,11758.4,
Gemini 3.8 Flash (medium),compound,K33,exp03_completeness,0,0,1,,3392.5,
Gemini 3.8 Flash (medium),compound,K34,exp03_completeness,1,1,1,,11757.8,
Gemini 3.8 Flash (medium),compound,K35,exp03_completeness,0,0,1,,11927.8,
Gemini 3.8 Flash (medium),compound,K36,exp03_completeness,1,1,1,,2596.1,
Gemini 3.8 Flash (medium),compound,K37,exp03_completeness,0,0,1,,4114.5,
Gemini 3.8 Flash (medium),compound,K38,exp03_completeness,1,1,1,,2601.0,
Gemini 3.8 Flash (medium),compound,K40,exp03_completeness,1,1,1,,11668.9,
